kegg:path:hsa00010	partOf	reactome:R-HSA-1430728
kegg:path:hsa00010	partOf	reactome:R-HSA-70326
kegg:path:hsa00010	partOf	reactome:R-HSA-71387
kegg:path:hsa00030	partOf	wikipathways:WP534
kegg:path:hsa00040	partOf	reactome:R-HSA-1430728
kegg:path:hsa00040	partOf	wikipathways:WP698
kegg:path:hsa00051	partOf	reactome:R-HSA-1430728
kegg:path:hsa00053	partOf	reactome:R-HSA-1430728
kegg:path:hsa00061	partOf	reactome:R-HSA-1430728
kegg:path:hsa00062	partOf	reactome:R-HSA-1430728
kegg:path:hsa00062	partOf	reactome:R-HSA-211935
kegg:path:hsa00062	partOf	reactome:R-HSA-556833
kegg:path:hsa00062	partOf	reactome:R-HSA-8978868
kegg:path:hsa00071	partOf	reactome:R-HSA-1430728
kegg:path:hsa00071	partOf	reactome:R-HSA-556833
kegg:path:hsa00071	partOf	reactome:R-HSA-8978868
kegg:path:hsa00072	partOf	reactome:R-HSA-1430728
kegg:path:hsa00100	partOf	reactome:R-HSA-1430728
kegg:path:hsa00100	partOf	reactome:R-HSA-8957322
kegg:path:hsa00120	partOf	reactome:R-HSA-1430728
kegg:path:hsa00120	partOf	reactome:R-HSA-192105
kegg:path:hsa00120	partOf	reactome:R-HSA-193368
kegg:path:hsa00120	partOf	reactome:R-HSA-193775
kegg:path:hsa00120	partOf	reactome:R-HSA-194068
kegg:path:hsa00130	partOf	reactome:R-HSA-1430728
kegg:path:hsa00130	partOf	reactome:R-HSA-196854
kegg:path:hsa00140	partOf	reactome:R-HSA-1430728
kegg:path:hsa00140	partOf	reactome:R-HSA-196071
kegg:path:hsa00190	partOf	reactome:R-HSA-1428517
kegg:path:hsa00190	partOf	reactome:R-HSA-1430728
kegg:path:hsa00220	partOf	reactome:R-HSA-1430728
kegg:path:hsa00220	partOf	reactome:R-HSA-70635
kegg:path:hsa00220	partOf	reactome:R-HSA-71291
kegg:path:hsa00220	partOf	wikipathways:WP3925
kegg:path:hsa00220	partOf	wikipathways:WP497
kegg:path:hsa00230	partOf	reactome:R-HSA-15869
kegg:path:hsa00230	partOf	reactome:R-HSA-8956319
kegg:path:hsa00230	partOf	wikipathways:WP186
kegg:path:hsa00230	partOf	wikipathways:WP404
kegg:path:hsa00230	partOf	wikipathways:WP466
kegg:path:hsa00232	partOf	reactome:R-HSA-1430728
kegg:path:hsa00232	partOf	wikipathways:WP3633
kegg:path:hsa00240	partOf	reactome:R-HSA-15869
kegg:path:hsa00250	partOf	reactome:R-HSA-1430728
kegg:path:hsa00250	partOf	reactome:R-HSA-71291
kegg:path:hsa00250	partOf	wikipathways:WP3925
kegg:path:hsa00260	partOf	reactome:R-HSA-140179
kegg:path:hsa00260	partOf	reactome:R-HSA-1430728
kegg:path:hsa00260	partOf	reactome:R-HSA-70614
kegg:path:hsa00260	partOf	reactome:R-HSA-71291
kegg:path:hsa00260	partOf	wikipathways:WP3925
kegg:path:hsa00260	partOf	wikipathways:WP497
kegg:path:hsa00270	partOf	reactome:R-HSA-1430728
kegg:path:hsa00270	partOf	reactome:R-HSA-1614635
kegg:path:hsa00270	partOf	reactome:R-HSA-71291
kegg:path:hsa00270	partOf	wikipathways:WP3925
kegg:path:hsa00280	partOf	reactome:R-HSA-1430728
kegg:path:hsa00280	partOf	reactome:R-HSA-70895
kegg:path:hsa00280	partOf	reactome:R-HSA-71291
kegg:path:hsa00280	partOf	wikipathways:WP3925
kegg:path:hsa00290	partOf	reactome:R-HSA-1430728
kegg:path:hsa00290	partOf	reactome:R-HSA-71291
kegg:path:hsa00290	partOf	wikipathways:WP3925
kegg:path:hsa00310	partOf	wikipathways:WP3925
kegg:path:hsa00330	partOf	reactome:R-HSA-1430728
kegg:path:hsa00330	partOf	reactome:R-HSA-71291
kegg:path:hsa00330	partOf	wikipathways:WP3925
kegg:path:hsa00330	partOf	wikipathways:WP497
kegg:path:hsa00340	partOf	reactome:R-HSA-140179
kegg:path:hsa00340	partOf	reactome:R-HSA-1430728
kegg:path:hsa00340	partOf	reactome:R-HSA-6788656
kegg:path:hsa00340	partOf	reactome:R-HSA-71291
kegg:path:hsa00340	partOf	wikipathways:WP3925
kegg:path:hsa00350	partOf	reactome:R-HSA-1430728
kegg:path:hsa00350	partOf	reactome:R-HSA-6788656
kegg:path:hsa00350	partOf	reactome:R-HSA-70614
kegg:path:hsa00350	partOf	reactome:R-HSA-71291
kegg:path:hsa00350	partOf	wikipathways:WP3925
kegg:path:hsa00350	partOf	wikipathways:WP550
kegg:path:hsa00360	partOf	reactome:R-HSA-1430728
kegg:path:hsa00360	partOf	reactome:R-HSA-6788656
kegg:path:hsa00360	partOf	reactome:R-HSA-70614
kegg:path:hsa00360	partOf	reactome:R-HSA-71291
kegg:path:hsa00360	partOf	wikipathways:WP3925
kegg:path:hsa00360	partOf	wikipathways:WP550
kegg:path:hsa00400	partOf	reactome:R-HSA-1430728
kegg:path:hsa00400	partOf	reactome:R-HSA-6788656
kegg:path:hsa00400	partOf	reactome:R-HSA-70614
kegg:path:hsa00400	partOf	reactome:R-HSA-71291
kegg:path:hsa00400	partOf	wikipathways:WP550
kegg:path:hsa00410	partOf	reactome:R-HSA-1430728
kegg:path:hsa00410	partOf	reactome:R-HSA-71291
kegg:path:hsa00410	partOf	wikipathways:WP106
kegg:path:hsa00410	partOf	wikipathways:WP3925
kegg:path:hsa00410	partOf	wikipathways:WP497
kegg:path:hsa00410	partOf	wikipathways:WP550
kegg:path:hsa00430	partOf	reactome:R-HSA-1430728
kegg:path:hsa00440	partOf	reactome:R-HSA-1430728
kegg:path:hsa00450	partOf	reactome:R-HSA-1430728
kegg:path:hsa00471	partOf	reactome:R-HSA-1430728
kegg:path:hsa00471	partOf	reactome:R-HSA-70614
kegg:path:hsa00471	partOf	reactome:R-HSA-71291
kegg:path:hsa00472	partOf	reactome:R-HSA-1430728
kegg:path:hsa00472	partOf	reactome:R-HSA-71291
kegg:path:hsa00500	partOf	reactome:R-HSA-1430728
kegg:path:hsa00500	partOf	reactome:R-HSA-71387
kegg:path:hsa00511	partOf	reactome:R-HSA-1430728
kegg:path:hsa00520	partOf	reactome:R-HSA-1430728
kegg:path:hsa00524	partOf	reactome:R-HSA-1430728
kegg:path:hsa00531	partOf	reactome:R-HSA-1430728
kegg:path:hsa00531	partOf	reactome:R-HSA-1630316
kegg:path:hsa00532	partOf	reactome:R-HSA-1430728
kegg:path:hsa00533	partOf	reactome:R-HSA-1430728
kegg:path:hsa00533	partOf	reactome:R-HSA-1630316
kegg:path:hsa00534	partOf	reactome:R-HSA-1430728
kegg:path:hsa00534	partOf	reactome:R-HSA-1630316
kegg:path:hsa00561	partOf	reactome:R-HSA-1430728
kegg:path:hsa00561	partOf	reactome:R-HSA-556833
kegg:path:hsa00564	partOf	reactome:R-HSA-1430728
kegg:path:hsa00564	partOf	reactome:R-HSA-556833
kegg:path:hsa00565	partOf	reactome:R-HSA-1430728
kegg:path:hsa00565	partOf	reactome:R-HSA-556833
kegg:path:hsa00591	partOf	reactome:R-HSA-1430728
kegg:path:hsa00591	partOf	reactome:R-HSA-556833
kegg:path:hsa00592	partOf	reactome:R-HSA-1430728
kegg:path:hsa00592	partOf	reactome:R-HSA-556833
kegg:path:hsa00600	partOf	wikipathways:WP1422
kegg:path:hsa00601	partOf	reactome:R-HSA-1660662
kegg:path:hsa00601	partOf	reactome:R-HSA-428157
kegg:path:hsa00601	partOf	reactome:R-HSA-556833
kegg:path:hsa00603	partOf	reactome:R-HSA-1660662
kegg:path:hsa00603	partOf	reactome:R-HSA-428157
kegg:path:hsa00603	partOf	reactome:R-HSA-556833
kegg:path:hsa00603	partOf	wikipathways:WP1424
kegg:path:hsa00604	partOf	wikipathways:WP1423
kegg:path:hsa00630	partOf	reactome:R-HSA-1430728
kegg:path:hsa00630	partOf	reactome:R-HSA-71291
kegg:path:hsa00640	partOf	reactome:R-HSA-1430728
kegg:path:hsa00650	partOf	reactome:R-HSA-1430728
kegg:path:hsa00670	partOf	reactome:R-HSA-1430728
kegg:path:hsa00670	partOf	reactome:R-HSA-196757
kegg:path:hsa00670	partOf	reactome:R-HSA-196854
kegg:path:hsa00670	partOf	wikipathways:WP176
kegg:path:hsa00670	partOf	wikipathways:WP2190
kegg:path:hsa00670	partOf	wikipathways:WP241
kegg:path:hsa00670	partOf	wikipathways:WP3940
kegg:path:hsa00730	partOf	reactome:R-HSA-1430728
kegg:path:hsa00750	partOf	reactome:R-HSA-1430728
kegg:path:hsa00750	partOf	reactome:R-HSA-196849
kegg:path:hsa00750	partOf	reactome:R-HSA-196854
kegg:path:hsa00760	partOf	reactome:R-HSA-1430728
kegg:path:hsa00770	partOf	reactome:R-HSA-1430728
kegg:path:hsa00770	partOf	reactome:R-HSA-196854
kegg:path:hsa00780	partOf	reactome:R-HSA-196780
kegg:path:hsa00785	partOf	reactome:R-HSA-1430728
kegg:path:hsa00785	partOf	reactome:R-HSA-8978868
kegg:path:hsa00785	partOf	wikipathways:WP3965
kegg:path:hsa00790	partOf	reactome:R-HSA-1430728
kegg:path:hsa00790	partOf	reactome:R-HSA-196849
kegg:path:hsa00790	partOf	reactome:R-HSA-196854
kegg:path:hsa00830	partOf	reactome:R-HSA-1430728
kegg:path:hsa00830	partOf	reactome:R-HSA-211916
kegg:path:hsa00860	partOf	reactome:R-HSA-1430728
kegg:path:hsa00900	partOf	reactome:R-HSA-1430728
kegg:path:hsa00910	partOf	reactome:R-HSA-1430728
kegg:path:hsa00910	partOf	reactome:R-HSA-70614
kegg:path:hsa00910	partOf	reactome:R-HSA-71291
kegg:path:hsa00920	partOf	reactome:R-HSA-1430728
kegg:path:hsa00920	partOf	reactome:R-HSA-1614635
kegg:path:hsa00920	partOf	reactome:R-HSA-71291
kegg:path:hsa00970	partOf	reactome:R-HSA-1430728
kegg:path:hsa00980	partOf	reactome:R-HSA-211981
kegg:path:hsa00982	partOf	reactome:R-HSA-1430728
kegg:path:hsa00983	partOf	reactome:R-HSA-1430728
kegg:path:hsa01040	partOf	reactome:R-HSA-1430728
kegg:path:hsa01040	partOf	reactome:R-HSA-556833
kegg:path:hsa01040	partOf	reactome:R-HSA-8978868
kegg:path:hsa01040	partOf	wikipathways:WP357
kegg:path:hsa01200	partOf	reactome:R-HSA-1430728
kegg:path:hsa01200	partOf	reactome:R-HSA-6791465
kegg:path:hsa01210	partOf	wikipathways:WP3925
kegg:path:hsa01212	partOf	reactome:R-HSA-1430728
kegg:path:hsa01212	partOf	reactome:R-HSA-556833
kegg:path:hsa01230	partOf	reactome:R-HSA-1430728
kegg:path:hsa01230	partOf	reactome:R-HSA-71291
kegg:path:hsa03008	partOf	reactome:R-HSA-8953854
kegg:path:hsa03018	partOf	reactome:R-HSA-8953854
kegg:path:hsa03020	partOf	wikipathways:WP405
kegg:path:hsa03022	partOf	reactome:R-HSA-212436
kegg:path:hsa03022	partOf	reactome:R-HSA-73857
kegg:path:hsa03022	partOf	reactome:R-HSA-74160
kegg:path:hsa03022	partOf	reactome:R-HSA-8953854
kegg:path:hsa03040	partOf	reactome:R-HSA-72163
kegg:path:hsa03040	partOf	reactome:R-HSA-72165
kegg:path:hsa03040	partOf	reactome:R-HSA-72172
kegg:path:hsa03040	partOf	reactome:R-HSA-72203
kegg:path:hsa03040	partOf	reactome:R-HSA-73856
kegg:path:hsa03040	partOf	reactome:R-HSA-74160
kegg:path:hsa03040	partOf	reactome:R-HSA-75067
kegg:path:hsa03040	partOf	reactome:R-HSA-8953854
kegg:path:hsa03040	partOf	wikipathways:WP411
kegg:path:hsa03050	partOf	reactome:R-HSA-392499
kegg:path:hsa04060	partOf	reactome:R-HSA-1280215
kegg:path:hsa04060	partOf	reactome:R-HSA-168256
kegg:path:hsa04060	partOf	reactome:R-HSA-5632681
kegg:path:hsa04060	partOf	wikipathways:WP453
kegg:path:hsa04060	partOf	wikipathways:WP530
kegg:path:hsa04070	partOf	reactome:R-HSA-1430728
kegg:path:hsa04071	partOf	wikipathways:WP1422
kegg:path:hsa04120	partOf	wikipathways:WP183
kegg:path:hsa04120	partOf	wikipathways:WP2359
kegg:path:hsa04130	partOf	reactome:R-HSA-199991
kegg:path:hsa04130	partOf	reactome:R-HSA-5653656
kegg:path:hsa04130	partOf	wikipathways:WP2267
kegg:path:hsa04136	partOf	reactome:R-HSA-168256
kegg:path:hsa04141	partOf	reactome:R-HSA-392499
kegg:path:hsa04145	partOf	reactome:R-HSA-1280218
kegg:path:hsa04145	partOf	reactome:R-HSA-168249
kegg:path:hsa04145	partOf	reactome:R-HSA-168256
kegg:path:hsa04146	partOf	reactome:R-HSA-1430728
kegg:path:hsa04150	partOf	wikipathways:WP3844
kegg:path:hsa04150	partOf	wikipathways:WP3932
kegg:path:hsa04150	partOf	wikipathways:WP4172
kegg:path:hsa04260	partOf	reactome:R-HSA-397014
kegg:path:hsa04270	partOf	reactome:R-HSA-397014
kegg:path:hsa04270	partOf	reactome:R-HSA-445355
kegg:path:hsa04370	partOf	wikipathways:WP3888
kegg:path:hsa04512	partOf	reactome:R-HSA-1474244
kegg:path:hsa04512	partOf	wikipathways:WP306
kegg:path:hsa04514	partOf	reactome:R-HSA-420029
kegg:path:hsa04514	partOf	reactome:R-HSA-421270
kegg:path:hsa04610	partOf	reactome:R-HSA-168256
kegg:path:hsa04622	partOf	reactome:R-HSA-168249
kegg:path:hsa04622	partOf	reactome:R-HSA-168256
kegg:path:hsa04623	partOf	reactome:R-HSA-1834949
kegg:path:hsa04650	partOf	reactome:R-HSA-168256
kegg:path:hsa04657	partOf	reactome:R-HSA-1280215
kegg:path:hsa04657	partOf	reactome:R-HSA-168256
kegg:path:hsa04657	partOf	reactome:R-HSA-449147
kegg:path:hsa04658	partOf	reactome:R-HSA-1280218
kegg:path:hsa04659	partOf	reactome:R-HSA-168256
kegg:path:hsa04659	partOf	wikipathways:WP2029
kegg:path:hsa04659	partOf	wikipathways:WP2112
kegg:path:hsa04660	partOf	reactome:R-HSA-168256
kegg:path:hsa04662	partOf	reactome:R-HSA-1280218
kegg:path:hsa04662	partOf	reactome:R-HSA-168256
kegg:path:hsa04672	partOf	reactome:R-HSA-1280218
kegg:path:hsa04672	partOf	reactome:R-HSA-168256
kegg:path:hsa04714	partOf	reactome:R-HSA-1430728
kegg:path:hsa04714	partOf	reactome:R-HSA-163200
kegg:path:hsa04714	partOf	reactome:R-HSA-163210
kegg:path:hsa04714	partOf	reactome:R-HSA-611105
kegg:path:hsa04721	partOf	reactome:R-HSA-5653656
kegg:path:hsa04723	partOf	wikipathways:WP3869
kegg:path:hsa04724	partOf	reactome:R-HSA-112313
kegg:path:hsa04727	partOf	wikipathways:WP4159
kegg:path:hsa04910	partOf	wikipathways:WP3634
kegg:path:hsa04910	partOf	wikipathways:WP661
kegg:path:hsa04913	partOf	reactome:R-HSA-1430728
kegg:path:hsa04920	partOf	reactome:R-HSA-1430728
kegg:path:hsa04922	partOf	wikipathways:WP1541
kegg:path:hsa04922	partOf	wikipathways:WP500
kegg:path:hsa04922	partOf	wikipathways:WP534
kegg:path:hsa04923	partOf	reactome:R-HSA-556833
kegg:path:hsa04923	partOf	wikipathways:WP3965
kegg:path:hsa04925	partOf	reactome:R-HSA-1430728
kegg:path:hsa04925	partOf	wikipathways:WP237
kegg:path:hsa04927	partOf	reactome:R-HSA-1430728
kegg:path:hsa04927	partOf	wikipathways:WP237
kegg:path:hsa04931	partOf	wikipathways:WP1584
kegg:path:hsa04931	partOf	wikipathways:WP3635
kegg:path:hsa04974	partOf	reactome:R-HSA-392499
kegg:path:hsa04974	partOf	reactome:R-HSA-8963676
kegg:path:hsa04974	partOf	reactome:R-HSA-8963743
kegg:path:hsa04975	partOf	reactome:R-HSA-8963676
kegg:path:hsa04975	partOf	reactome:R-HSA-8963743
kegg:path:hsa04976	partOf	reactome:R-HSA-8935690
kegg:path:hsa04977	partOf	reactome:R-HSA-196854
kegg:path:hsa04977	partOf	reactome:R-HSA-8963676
kegg:path:hsa04977	partOf	reactome:R-HSA-8963743
kegg:path:hsa04978	partOf	reactome:R-HSA-382551
kegg:path:hsa04978	partOf	reactome:R-HSA-8963676
kegg:path:hsa04978	partOf	reactome:R-HSA-8963743
kegg:path:hsa04979	partOf	reactome:R-HSA-1430728
kegg:path:hsa05030	partOf	wikipathways:WP2636
kegg:path:hsa05031	partOf	wikipathways:WP2636
kegg:path:hsa05032	partOf	wikipathways:WP2636
kegg:path:hsa05034	partOf	wikipathways:WP2636
kegg:path:hsa05164	partOf	reactome:R-HSA-168254
kegg:path:hsa05164	partOf	reactome:R-HSA-168255
kegg:path:hsa05225	partOf	wikipathways:WP3646
kegg:path:hsa05330	partOf	reactome:R-HSA-1280218
kegg:path:hsa05330	partOf	reactome:R-HSA-168256
kegg:path:hsa05332	partOf	reactome:R-HSA-1280218
kegg:path:hsa05332	partOf	reactome:R-HSA-168256
kegg:path:hsa05332	partOf	wikipathways:WP2328
reactome:R-HSA-1059683	partOf	kegg:path:hsa04630
reactome:R-HSA-109581	partOf	kegg:path:hsa04215
reactome:R-HSA-109582	partOf	kegg:path:hsa04610
reactome:R-HSA-109582	partOf	wikipathways:WP558
reactome:R-HSA-110056	partOf	kegg:path:hsa04010
reactome:R-HSA-111452	partOf	kegg:path:hsa05200
reactome:R-HSA-111452	partOf	wikipathways:WP1772
reactome:R-HSA-111453	partOf	wikipathways:WP1772
reactome:R-HSA-111457	partOf	wikipathways:WP1772
reactome:R-HSA-111458	partOf	wikipathways:WP1772
reactome:R-HSA-111459	partOf	wikipathways:WP1772
reactome:R-HSA-111461	partOf	kegg:path:hsa05200
reactome:R-HSA-111461	partOf	wikipathways:WP1772
reactome:R-HSA-111471	partOf	wikipathways:WP1772
reactome:R-HSA-111471	partOf	wikipathways:WP3941
reactome:R-HSA-111932	partOf	wikipathways:WP1541
reactome:R-HSA-111995	partOf	kegg:path:hsa04664
reactome:R-HSA-111997	partOf	kegg:path:hsa04020
reactome:R-HSA-112313	partOf	kegg:path:hsa04724
reactome:R-HSA-112409	partOf	kegg:path:hsa04010
reactome:R-HSA-112411	partOf	kegg:path:hsa04010
reactome:R-HSA-112412	partOf	wikipathways:WP244
reactome:R-HSA-112412	partOf	wikipathways:WP710
reactome:R-HSA-114294	partOf	wikipathways:WP1772
reactome:R-HSA-1169092	partOf	kegg:path:hsa04014
reactome:R-HSA-1169092	partOf	kegg:path:hsa05200
reactome:R-HSA-1227986	partOf	kegg:path:hsa04012
reactome:R-HSA-1227986	partOf	wikipathways:WP673
reactome:R-HSA-1236382	partOf	wikipathways:WP673
reactome:R-HSA-1236394	partOf	kegg:path:hsa04012
reactome:R-HSA-1236974	partOf	kegg:path:hsa04145
reactome:R-HSA-1237112	partOf	wikipathways:WP3580
reactome:R-HSA-1250196	partOf	kegg:path:hsa04012
reactome:R-HSA-1250196	partOf	wikipathways:WP673
reactome:R-HSA-1250342	partOf	kegg:path:hsa04012
reactome:R-HSA-1250342	partOf	wikipathways:WP673
reactome:R-HSA-1250347	partOf	kegg:path:hsa04012
reactome:R-HSA-1250347	partOf	wikipathways:WP673
reactome:R-HSA-1251932	partOf	kegg:path:hsa04012
reactome:R-HSA-1251932	partOf	wikipathways:WP437
reactome:R-HSA-1251932	partOf	wikipathways:WP673
reactome:R-HSA-1251985	partOf	kegg:path:hsa04012
reactome:R-HSA-1253288	partOf	kegg:path:hsa04012
reactome:R-HSA-1257604	partOf	wikipathways:WP3844
reactome:R-HSA-1306955	partOf	kegg:path:hsa04012
reactome:R-HSA-1306955	partOf	wikipathways:WP673
reactome:R-HSA-1358803	partOf	kegg:path:hsa04012
reactome:R-HSA-1369062	partOf	kegg:path:hsa02010
reactome:R-HSA-139853	partOf	kegg:path:hsa04020
reactome:R-HSA-140179	partOf	wikipathways:WP2436
reactome:R-HSA-140180	partOf	wikipathways:WP98
reactome:R-HSA-140834	partOf	kegg:path:hsa04610
reactome:R-HSA-140834	partOf	wikipathways:WP272
reactome:R-HSA-140834	partOf	wikipathways:WP558
reactome:R-HSA-140837	partOf	kegg:path:hsa04610
reactome:R-HSA-140837	partOf	wikipathways:WP558
reactome:R-HSA-140875	partOf	kegg:path:hsa04610
reactome:R-HSA-140875	partOf	wikipathways:WP558
reactome:R-HSA-140877	partOf	kegg:path:hsa04610
reactome:R-HSA-140877	partOf	wikipathways:WP272
reactome:R-HSA-140877	partOf	wikipathways:WP558
reactome:R-HSA-141333	partOf	kegg:path:hsa00982
reactome:R-HSA-141333	partOf	kegg:path:hsa04728
reactome:R-HSA-141333	partOf	wikipathways:WP2436
reactome:R-HSA-1433559	partOf	wikipathways:WP304
reactome:R-HSA-1474228	partOf	wikipathways:WP129
reactome:R-HSA-1482788	partOf	kegg:path:hsa00564
reactome:R-HSA-1482883	partOf	kegg:path:hsa00561
reactome:R-HSA-1482922	partOf	kegg:path:hsa00564
reactome:R-HSA-1483101	partOf	kegg:path:hsa00564
reactome:R-HSA-1483206	partOf	kegg:path:hsa00564
reactome:R-HSA-1483213	partOf	kegg:path:hsa00564
reactome:R-HSA-1483248	partOf	kegg:path:hsa04070
reactome:R-HSA-1483249	partOf	kegg:path:hsa04070
reactome:R-HSA-1483257	partOf	kegg:path:hsa00565
reactome:R-HSA-156590	partOf	wikipathways:WP100
reactome:R-HSA-157118	partOf	wikipathways:WP3845
reactome:R-HSA-157858	partOf	kegg:path:hsa04540
reactome:R-HSA-1592230	partOf	wikipathways:WP1541
reactome:R-HSA-1592230	partOf	wikipathways:WP391
reactome:R-HSA-159227	partOf	kegg:path:hsa03013
reactome:R-HSA-159230	partOf	kegg:path:hsa03013
reactome:R-HSA-159231	partOf	kegg:path:hsa03013
reactome:R-HSA-159234	partOf	kegg:path:hsa03013
reactome:R-HSA-1592389	partOf	wikipathways:WP129
reactome:R-HSA-1614603	partOf	kegg:path:hsa00270
reactome:R-HSA-1614603	partOf	kegg:path:hsa01230
reactome:R-HSA-1614603	partOf	wikipathways:WP176
reactome:R-HSA-1614603	partOf	wikipathways:WP2525
reactome:R-HSA-162710	partOf	kegg:path:hsa00563
reactome:R-HSA-1630316	partOf	kegg:path:hsa00532
reactome:R-HSA-163125	partOf	kegg:path:hsa00563
reactome:R-HSA-163210	partOf	kegg:path:hsa00190
reactome:R-HSA-163282	partOf	wikipathways:WP391
reactome:R-HSA-163316	partOf	wikipathways:WP391
reactome:R-HSA-163680	partOf	kegg:path:hsa04152
reactome:R-HSA-163680	partOf	wikipathways:WP1403
reactome:R-HSA-1638091	partOf	kegg:path:hsa00534
reactome:R-HSA-1643713	partOf	wikipathways:WP673
reactome:R-HSA-164939	partOf	kegg:path:hsa04660
reactome:R-HSA-165054	partOf	kegg:path:hsa03013
reactome:R-HSA-1655829	partOf	wikipathways:WP1982
reactome:R-HSA-1655829	partOf	wikipathways:WP2011
reactome:R-HSA-1655829	partOf	wikipathways:WP2874
reactome:R-HSA-166016	partOf	kegg:path:hsa04620
reactome:R-HSA-166016	partOf	wikipathways:WP3851
reactome:R-HSA-166020	partOf	wikipathways:WP1449
reactome:R-HSA-1660499	partOf	kegg:path:hsa04070
reactome:R-HSA-1660514	partOf	kegg:path:hsa04070
reactome:R-HSA-1660516	partOf	kegg:path:hsa04070
reactome:R-HSA-1660517	partOf	kegg:path:hsa04070
reactome:R-HSA-166058	partOf	wikipathways:WP3877
reactome:R-HSA-166658	partOf	kegg:path:hsa04610
reactome:R-HSA-166658	partOf	wikipathways:WP558
reactome:R-HSA-166662	partOf	wikipathways:WP558
reactome:R-HSA-166663	partOf	wikipathways:WP545
reactome:R-HSA-166665	partOf	kegg:path:hsa04610
reactome:R-HSA-166665	partOf	wikipathways:WP545
reactome:R-HSA-166665	partOf	wikipathways:WP558
reactome:R-HSA-167160	partOf	kegg:path:hsa03022
reactome:R-HSA-167162	partOf	kegg:path:hsa03022
reactome:R-HSA-168138	partOf	kegg:path:hsa04620
reactome:R-HSA-168142	partOf	kegg:path:hsa04620
reactome:R-HSA-168164	partOf	kegg:path:hsa04620
reactome:R-HSA-168176	partOf	kegg:path:hsa04620
reactome:R-HSA-168179	partOf	kegg:path:hsa04620
reactome:R-HSA-168181	partOf	kegg:path:hsa04620
reactome:R-HSA-168188	partOf	kegg:path:hsa04620
reactome:R-HSA-168254	partOf	kegg:path:hsa05164
reactome:R-HSA-168255	partOf	kegg:path:hsa05164
reactome:R-HSA-168256	partOf	wikipathways:WP558
reactome:R-HSA-168277	partOf	kegg:path:hsa05164
reactome:R-HSA-168315	partOf	kegg:path:hsa03015
reactome:R-HSA-170660	partOf	kegg:path:hsa04024
reactome:R-HSA-171007	partOf	kegg:path:hsa04010
reactome:R-HSA-171007	partOf	wikipathways:WP3303
reactome:R-HSA-173736	partOf	kegg:path:hsa04610
reactome:R-HSA-173736	partOf	wikipathways:WP558
reactome:R-HSA-174577	partOf	kegg:path:hsa04610
reactome:R-HSA-174577	partOf	wikipathways:WP545
reactome:R-HSA-174577	partOf	wikipathways:WP558
reactome:R-HSA-176187	partOf	wikipathways:WP3875
reactome:R-HSA-1793185	partOf	kegg:path:hsa00532
reactome:R-HSA-179812	partOf	wikipathways:WP437
reactome:R-HSA-179812	partOf	wikipathways:WP673
reactome:R-HSA-180336	partOf	wikipathways:WP437
reactome:R-HSA-180336	partOf	wikipathways:WP673
reactome:R-HSA-181429	partOf	wikipathways:WP2267
reactome:R-HSA-181430	partOf	wikipathways:WP2267
reactome:R-HSA-181438	partOf	kegg:path:hsa04620
reactome:R-HSA-182971	partOf	wikipathways:WP437
reactome:R-HSA-1839120	partOf	kegg:path:hsa04550
reactome:R-HSA-1855183	partOf	kegg:path:hsa04070
reactome:R-HSA-1855191	partOf	kegg:path:hsa04070
reactome:R-HSA-1855204	partOf	kegg:path:hsa04070
reactome:R-HSA-189085	partOf	kegg:path:hsa04973
reactome:R-HSA-189445	partOf	kegg:path:hsa00860
reactome:R-HSA-189451	partOf	kegg:path:hsa00860
reactome:R-HSA-189483	partOf	kegg:path:hsa00860
reactome:R-HSA-190827	partOf	wikipathways:WP536
reactome:R-HSA-190828	partOf	kegg:path:hsa04540
reactome:R-HSA-190861	partOf	kegg:path:hsa04540
reactome:R-HSA-190873	partOf	kegg:path:hsa04540
reactome:R-HSA-1912399	partOf	kegg:path:hsa04141
reactome:R-HSA-1912399	partOf	wikipathways:WP3845
reactome:R-HSA-191273	partOf	wikipathways:WP496
reactome:R-HSA-191647	partOf	kegg:path:hsa04540
reactome:R-HSA-191650	partOf	kegg:path:hsa04540
reactome:R-HSA-192456	partOf	kegg:path:hsa00564
reactome:R-HSA-192456	partOf	kegg:path:hsa04975
reactome:R-HSA-193048	partOf	kegg:path:hsa04913
reactome:R-HSA-193048	partOf	wikipathways:WP496
reactome:R-HSA-193144	partOf	kegg:path:hsa00140
reactome:R-HSA-193144	partOf	kegg:path:hsa04913
reactome:R-HSA-193144	partOf	wikipathways:WP496
reactome:R-HSA-193993	partOf	kegg:path:hsa00140
reactome:R-HSA-193993	partOf	kegg:path:hsa04927
reactome:R-HSA-193993	partOf	wikipathways:WP237
reactome:R-HSA-193993	partOf	wikipathways:WP496
reactome:R-HSA-194002	partOf	kegg:path:hsa00140
reactome:R-HSA-194002	partOf	kegg:path:hsa04927
reactome:R-HSA-194002	partOf	wikipathways:WP237
reactome:R-HSA-194002	partOf	wikipathways:WP496
reactome:R-HSA-194138	partOf	wikipathways:WP3943
reactome:R-HSA-194313	partOf	wikipathways:WP3943
reactome:R-HSA-194441	partOf	wikipathways:WP411
reactome:R-HSA-195399	partOf	wikipathways:WP3943
reactome:R-HSA-195721	partOf	wikipathways:WP399
reactome:R-HSA-196025	partOf	kegg:path:hsa04540
reactome:R-HSA-1963640	partOf	kegg:path:hsa04012
reactome:R-HSA-1963640	partOf	wikipathways:WP673
reactome:R-HSA-1963642	partOf	kegg:path:hsa04012
reactome:R-HSA-1963642	partOf	wikipathways:WP673
reactome:R-HSA-196783	partOf	kegg:path:hsa00770
reactome:R-HSA-196807	partOf	kegg:path:hsa00760
reactome:R-HSA-197264	partOf	kegg:path:hsa00760
reactome:R-HSA-1980143	partOf	wikipathways:WP3845
reactome:R-HSA-1980145	partOf	wikipathways:WP3845
reactome:R-HSA-198753	partOf	kegg:path:hsa04010
reactome:R-HSA-199220	partOf	kegg:path:hsa00770
reactome:R-HSA-201688	partOf	kegg:path:hsa04310
reactome:R-HSA-2022377	partOf	kegg:path:hsa04614
reactome:R-HSA-2022854	partOf	kegg:path:hsa00533
reactome:R-HSA-2022870	partOf	kegg:path:hsa00532
reactome:R-HSA-2022923	partOf	kegg:path:hsa00532
reactome:R-HSA-2023837	partOf	kegg:path:hsa04550
reactome:R-HSA-2033519	partOf	kegg:path:hsa05200
reactome:R-HSA-2046105	partOf	kegg:path:hsa01040
reactome:R-HSA-205017	partOf	kegg:path:hsa04722
reactome:R-HSA-209560	partOf	kegg:path:hsa04064
reactome:R-HSA-209905	partOf	wikipathways:WP550
reactome:R-HSA-209931	partOf	wikipathways:WP550
reactome:R-HSA-210500	partOf	kegg:path:hsa04724
reactome:R-HSA-211163	partOf	kegg:path:hsa04068
reactome:R-HSA-211163	partOf	kegg:path:hsa05200
reactome:R-HSA-211733	partOf	kegg:path:hsa03050
reactome:R-HSA-211897	partOf	wikipathways:WP2646
reactome:R-HSA-211897	partOf	wikipathways:WP43
reactome:R-HSA-211957	partOf	wikipathways:WP3633
reactome:R-HSA-211999	partOf	kegg:path:hsa00982
reactome:R-HSA-211999	partOf	wikipathways:WP3627
reactome:R-HSA-211999	partOf	wikipathways:WP43
reactome:R-HSA-2122948	partOf	wikipathways:WP3845
reactome:R-HSA-212676	partOf	wikipathways:WP2267
reactome:R-HSA-212718	partOf	wikipathways:WP437
reactome:R-HSA-212718	partOf	wikipathways:WP673
reactome:R-HSA-2132295	partOf	kegg:path:hsa04612
reactome:R-HSA-2142688	partOf	kegg:path:hsa01040
reactome:R-HSA-2162123	partOf	wikipathways:WP98
reactome:R-HSA-2179392	partOf	wikipathways:WP437
reactome:R-HSA-2179392	partOf	wikipathways:WP673
reactome:R-HSA-2408508	partOf	wikipathways:WP28
reactome:R-HSA-2408522	partOf	kegg:path:hsa00450
reactome:R-HSA-2408522	partOf	wikipathways:WP28
reactome:R-HSA-2408550	partOf	wikipathways:WP15
reactome:R-HSA-2408550	partOf	wikipathways:WP28
reactome:R-HSA-2426168	partOf	wikipathways:WP1982
reactome:R-HSA-2454202	partOf	kegg:path:hsa04664
reactome:R-HSA-2559580	partOf	wikipathways:WP408
reactome:R-HSA-2586552	partOf	kegg:path:hsa04920
reactome:R-HSA-264642	partOf	wikipathways:WP2267
reactome:R-HSA-2660825	partOf	wikipathways:WP3845
reactome:R-HSA-2660826	partOf	wikipathways:WP3845
reactome:R-HSA-2871796	partOf	kegg:path:hsa04010
reactome:R-HSA-2892245	partOf	kegg:path:hsa04550
reactome:R-HSA-2978092	partOf	kegg:path:hsa01210
reactome:R-HSA-2979096	partOf	wikipathways:WP3845
reactome:R-HSA-3000157	partOf	kegg:path:hsa04510
reactome:R-HSA-3000157	partOf	kegg:path:hsa04512
reactome:R-HSA-3000157	partOf	wikipathways:WP306
reactome:R-HSA-3000171	partOf	kegg:path:hsa04510
reactome:R-HSA-3000178	partOf	kegg:path:hsa04512
reactome:R-HSA-3214841	partOf	wikipathways:WP2369
reactome:R-HSA-3247509	partOf	wikipathways:WP2369
reactome:R-HSA-3296469	partOf	wikipathways:WP1533
reactome:R-HSA-3304347	partOf	wikipathways:WP1971
reactome:R-HSA-3304347	partOf	wikipathways:WP4216
reactome:R-HSA-3304351	partOf	wikipathways:WP3874
reactome:R-HSA-3311021	partOf	wikipathways:WP1971
reactome:R-HSA-3311021	partOf	wikipathways:WP4216
reactome:R-HSA-3315487	partOf	wikipathways:WP4216
reactome:R-HSA-349425	partOf	kegg:path:hsa03050
reactome:R-HSA-350054	partOf	wikipathways:WP3845
reactome:R-HSA-350864	partOf	kegg:path:hsa04919
reactome:R-HSA-354192	partOf	kegg:path:hsa04510
reactome:R-HSA-354192	partOf	wikipathways:WP185
reactome:R-HSA-372708	partOf	kegg:path:hsa04010
reactome:R-HSA-379397	partOf	kegg:path:hsa04728
reactome:R-HSA-379397	partOf	wikipathways:WP2436
reactome:R-HSA-379398	partOf	kegg:path:hsa04728
reactome:R-HSA-379398	partOf	wikipathways:WP2436
reactome:R-HSA-379401	partOf	kegg:path:hsa04728
reactome:R-HSA-379401	partOf	wikipathways:WP2436
reactome:R-HSA-379716	partOf	kegg:path:hsa00970
reactome:R-HSA-379724	partOf	kegg:path:hsa00970
reactome:R-HSA-379726	partOf	kegg:path:hsa00970
reactome:R-HSA-380108	partOf	kegg:path:hsa04060
reactome:R-HSA-380108	partOf	kegg:path:hsa04062
reactome:R-HSA-380108	partOf	wikipathways:WP3929
reactome:R-HSA-380612	partOf	wikipathways:WP550
reactome:R-HSA-380615	partOf	kegg:path:hsa04726
reactome:R-HSA-381340	partOf	wikipathways:WP2895
reactome:R-HSA-381340	partOf	wikipathways:WP3599
reactome:R-HSA-381340	partOf	wikipathways:WP4149
reactome:R-HSA-381340	partOf	wikipathways:WP4211
reactome:R-HSA-382556	partOf	kegg:path:hsa02010
reactome:R-HSA-383280	partOf	wikipathways:WP170
reactome:R-HSA-389356	partOf	kegg:path:hsa04660
reactome:R-HSA-389359	partOf	kegg:path:hsa04660
reactome:R-HSA-389542	partOf	kegg:path:hsa04146
reactome:R-HSA-389661	partOf	kegg:path:hsa00630
reactome:R-HSA-390648	partOf	kegg:path:hsa04725
reactome:R-HSA-390648	partOf	wikipathways:WP536
reactome:R-HSA-390651	partOf	kegg:path:hsa04728
reactome:R-HSA-390651	partOf	wikipathways:WP2436
reactome:R-HSA-390651	partOf	wikipathways:WP58
reactome:R-HSA-390666	partOf	kegg:path:hsa04726
reactome:R-HSA-390666	partOf	wikipathways:WP58
reactome:R-HSA-390918	partOf	kegg:path:hsa04146
reactome:R-HSA-391903	partOf	wikipathways:WP98
reactome:R-HSA-391908	partOf	wikipathways:WP98
reactome:R-HSA-392154	partOf	wikipathways:WP1995
reactome:R-HSA-392499	partOf	wikipathways:WP28
reactome:R-HSA-399710	partOf	kegg:path:hsa04724
reactome:R-HSA-399710	partOf	kegg:path:hsa04728
reactome:R-HSA-418359	partOf	kegg:path:hsa04020
reactome:R-HSA-418360	partOf	kegg:path:hsa04020
reactome:R-HSA-418457	partOf	kegg:path:hsa04022
reactome:R-HSA-418594	partOf	wikipathways:WP58
reactome:R-HSA-421270	partOf	kegg:path:hsa04514
reactome:R-HSA-422356	partOf	wikipathways:WP661
reactome:R-HSA-429958	partOf	kegg:path:hsa03018
reactome:R-HSA-430039	partOf	kegg:path:hsa03018
reactome:R-HSA-432720	partOf	kegg:path:hsa04142
reactome:R-HSA-435354	partOf	wikipathways:WP3529
reactome:R-HSA-435368	partOf	wikipathways:WP3529
reactome:R-HSA-438066	partOf	kegg:path:hsa04724
reactome:R-HSA-4411364	partOf	wikipathways:WP3678
reactome:R-HSA-4420097	partOf	wikipathways:WP3943
reactome:R-HSA-442380	partOf	wikipathways:WP3529
reactome:R-HSA-442717	partOf	wikipathways:WP1541
reactome:R-HSA-442742	partOf	kegg:path:hsa04014
reactome:R-HSA-442745	partOf	kegg:path:hsa04020
reactome:R-HSA-442982	partOf	kegg:path:hsa04014
reactome:R-HSA-444821	partOf	kegg:path:hsa04926
reactome:R-HSA-446205	partOf	kegg:path:hsa00051
reactome:R-HSA-446343	partOf	kegg:path:hsa04510
reactome:R-HSA-447043	partOf	kegg:path:hsa04514
reactome:R-HSA-448706	partOf	wikipathways:WP530
reactome:R-HSA-449147	partOf	wikipathways:WP530
reactome:R-HSA-450282	partOf	kegg:path:hsa04010
reactome:R-HSA-450302	partOf	kegg:path:hsa04010
reactome:R-HSA-451326	partOf	kegg:path:hsa04724
reactome:R-HSA-500657	partOf	kegg:path:hsa04724
reactome:R-HSA-500753	partOf	kegg:path:hsa00240
reactome:R-HSA-500753	partOf	wikipathways:WP4022
reactome:R-HSA-500792	partOf	wikipathways:WP58
reactome:R-HSA-5083630	partOf	wikipathways:WP3845
reactome:R-HSA-5173105	partOf	kegg:path:hsa00515
reactome:R-HSA-5218900	partOf	wikipathways:WP1772
reactome:R-HSA-5263617	partOf	wikipathways:WP28
reactome:R-HSA-5340573	partOf	kegg:path:hsa04310
reactome:R-HSA-5357769	partOf	wikipathways:WP1772
reactome:R-HSA-5357956	partOf	kegg:path:hsa04064
reactome:R-HSA-5358346	partOf	kegg:path:hsa04340
reactome:R-HSA-5358351	partOf	kegg:path:hsa04340
reactome:R-HSA-5365859	partOf	wikipathways:WP716
reactome:R-HSA-5423646	partOf	wikipathways:WP699
reactome:R-HSA-5578999	partOf	kegg:path:hsa04216
reactome:R-HSA-5579012	partOf	wikipathways:WP4220
reactome:R-HSA-5610780	partOf	kegg:path:hsa03050
reactome:R-HSA-5610783	partOf	kegg:path:hsa03050
reactome:R-HSA-5610785	partOf	kegg:path:hsa03050
reactome:R-HSA-5610787	partOf	kegg:path:hsa04340
reactome:R-HSA-5619048	partOf	kegg:path:hsa04216
reactome:R-HSA-5619073	partOf	kegg:path:hsa04950
reactome:R-HSA-5619081	partOf	kegg:path:hsa05012
reactome:R-HSA-5619081	partOf	wikipathways:WP2371
reactome:R-HSA-5619081	partOf	wikipathways:WP4220
reactome:R-HSA-5619084	partOf	kegg:path:hsa02010
reactome:R-HSA-5628897	partOf	kegg:path:hsa04115
reactome:R-HSA-5632684	partOf	kegg:path:hsa04340
reactome:R-HSA-5632927	partOf	kegg:path:hsa05200
reactome:R-HSA-5632927	partOf	kegg:path:hsa05210
reactome:R-HSA-5632928	partOf	kegg:path:hsa05200
reactome:R-HSA-5632928	partOf	kegg:path:hsa05210
reactome:R-HSA-5632928	partOf	wikipathways:WP1971
reactome:R-HSA-5632968	partOf	kegg:path:hsa05210
reactome:R-HSA-5632968	partOf	wikipathways:WP1971
reactome:R-HSA-5633008	partOf	kegg:path:hsa04115
reactome:R-HSA-5637815	partOf	wikipathways:WP673
reactome:R-HSA-5638302	partOf	wikipathways:WP673
reactome:R-HSA-5638303	partOf	wikipathways:WP437
reactome:R-HSA-5638303	partOf	wikipathways:WP673
reactome:R-HSA-5652084	partOf	kegg:path:hsa00051
reactome:R-HSA-5652084	partOf	kegg:path:hsa01200
reactome:R-HSA-5652227	partOf	kegg:path:hsa00051
reactome:R-HSA-5658442	partOf	kegg:path:hsa04014
reactome:R-HSA-5659898	partOf	kegg:path:hsa04973
reactome:R-HSA-5661270	partOf	kegg:path:hsa00040
reactome:R-HSA-5662702	partOf	kegg:path:hsa04916
reactome:R-HSA-5669034	partOf	kegg:path:hsa04060
reactome:R-HSA-5674135	partOf	kegg:path:hsa04010
reactome:R-HSA-5674404	partOf	wikipathways:WP1971
reactome:R-HSA-5674499	partOf	kegg:path:hsa04010
reactome:R-HSA-5675221	partOf	kegg:path:hsa04010
reactome:R-HSA-5678420	partOf	kegg:path:hsa02010
reactome:R-HSA-5678520	partOf	kegg:path:hsa02010
reactome:R-HSA-5678771	partOf	kegg:path:hsa02010
reactome:R-HSA-5679001	partOf	kegg:path:hsa02010
reactome:R-HSA-5679090	partOf	kegg:path:hsa02010
reactome:R-HSA-5679096	partOf	kegg:path:hsa02010
reactome:R-HSA-5682113	partOf	kegg:path:hsa02010
reactome:R-HSA-5682294	partOf	kegg:path:hsa02010
reactome:R-HSA-5683177	partOf	kegg:path:hsa02010
reactome:R-HSA-5683329	partOf	kegg:path:hsa02010
reactome:R-HSA-5683371	partOf	kegg:path:hsa02010
reactome:R-HSA-5683678	partOf	kegg:path:hsa02010
reactome:R-HSA-5684045	partOf	kegg:path:hsa02010
reactome:R-HSA-5684264	partOf	kegg:path:hsa04010
reactome:R-HSA-5684996	partOf	kegg:path:hsa04010
reactome:R-HSA-5687128	partOf	kegg:path:hsa04010
reactome:R-HSA-5688399	partOf	kegg:path:hsa02010
reactome:R-HSA-5689880	partOf	kegg:path:hsa03050
reactome:R-HSA-5689901	partOf	wikipathways:WP129
reactome:R-HSA-5690338	partOf	kegg:path:hsa02010
reactome:R-HSA-5693538	partOf	kegg:path:hsa03440
reactome:R-HSA-5693538	partOf	wikipathways:WP186
reactome:R-HSA-674695	partOf	kegg:path:hsa03022
reactome:R-HSA-6783984	partOf	kegg:path:hsa00260
reactome:R-HSA-6785631	partOf	kegg:path:hsa04012
reactome:R-HSA-6785631	partOf	wikipathways:WP673
reactome:R-HSA-6785807	partOf	wikipathways:WP530
reactome:R-HSA-6788467	partOf	kegg:path:hsa04060
reactome:R-HSA-6790901	partOf	kegg:path:hsa03008
reactome:R-HSA-6791312	partOf	kegg:path:hsa04115
reactome:R-HSA-6802949	partOf	kegg:path:hsa04014
reactome:R-HSA-6802953	partOf	kegg:path:hsa04014
reactome:R-HSA-6803204	partOf	kegg:path:hsa04115
reactome:R-HSA-6803205	partOf	kegg:path:hsa04115
reactome:R-HSA-6803207	partOf	kegg:path:hsa04115
reactome:R-HSA-6803207	partOf	wikipathways:WP1772
reactome:R-HSA-6803211	partOf	kegg:path:hsa04115
reactome:R-HSA-6804116	partOf	kegg:path:hsa04115
reactome:R-HSA-6804754	partOf	kegg:path:hsa04115
reactome:R-HSA-6804757	partOf	kegg:path:hsa04115
reactome:R-HSA-6804760	partOf	kegg:path:hsa04115
reactome:R-HSA-6806003	partOf	kegg:path:hsa04115
reactome:R-HSA-6807047	partOf	kegg:path:hsa04927
reactome:R-HSA-6807047	partOf	wikipathways:WP197
reactome:R-HSA-6807062	partOf	kegg:path:hsa04927
reactome:R-HSA-6807062	partOf	wikipathways:WP197
reactome:R-HSA-6807505	partOf	kegg:path:hsa03022
reactome:R-HSA-6814848	partOf	kegg:path:hsa00561
reactome:R-HSA-6814848	partOf	kegg:path:hsa00564
reactome:R-HSA-68616	partOf	wikipathways:WP45
reactome:R-HSA-69200	partOf	wikipathways:WP45
reactome:R-HSA-69416	partOf	wikipathways:WP1772
reactome:R-HSA-69563	partOf	wikipathways:WP707
reactome:R-HSA-69610	partOf	wikipathways:WP707
reactome:R-HSA-69615	partOf	wikipathways:WP707
reactome:R-HSA-70171	partOf	kegg:path:hsa00010
reactome:R-HSA-70171	partOf	kegg:path:hsa01200
reactome:R-HSA-70171	partOf	wikipathways:WP534
reactome:R-HSA-70263	partOf	kegg:path:hsa00010
reactome:R-HSA-70263	partOf	wikipathways:WP534
reactome:R-HSA-70326	partOf	kegg:path:hsa01200
reactome:R-HSA-70350	partOf	kegg:path:hsa00051
reactome:R-HSA-70370	partOf	kegg:path:hsa00052
reactome:R-HSA-70614	partOf	kegg:path:hsa01230
reactome:R-HSA-70635	partOf	kegg:path:hsa01230
reactome:R-HSA-70635	partOf	wikipathways:WP497
reactome:R-HSA-70688	partOf	kegg:path:hsa00330
reactome:R-HSA-70921	partOf	kegg:path:hsa00340
reactome:R-HSA-71032	partOf	kegg:path:hsa00640
reactome:R-HSA-71182	partOf	kegg:path:hsa00350
reactome:R-HSA-71182	partOf	kegg:path:hsa00400
reactome:R-HSA-71182	partOf	kegg:path:hsa01230
reactome:R-HSA-71240	partOf	kegg:path:hsa00380
reactome:R-HSA-71240	partOf	wikipathways:WP465
reactome:R-HSA-71384	partOf	kegg:path:hsa00982
reactome:R-HSA-71406	partOf	kegg:path:hsa01200
reactome:R-HSA-71406	partOf	kegg:path:hsa01210
reactome:R-HSA-71737	partOf	kegg:path:hsa00190
reactome:R-HSA-72163	partOf	kegg:path:hsa03015
reactome:R-HSA-72163	partOf	wikipathways:WP411
reactome:R-HSA-72165	partOf	wikipathways:WP411
reactome:R-HSA-72172	partOf	kegg:path:hsa03015
reactome:R-HSA-72172	partOf	wikipathways:WP411
reactome:R-HSA-72187	partOf	kegg:path:hsa03015
reactome:R-HSA-72187	partOf	wikipathways:WP411
reactome:R-HSA-72203	partOf	kegg:path:hsa03015
reactome:R-HSA-72203	partOf	wikipathways:WP411
reactome:R-HSA-72312	partOf	kegg:path:hsa03008
reactome:R-HSA-73614	partOf	kegg:path:hsa00240
reactome:R-HSA-73614	partOf	wikipathways:WP4022
reactome:R-HSA-73621	partOf	kegg:path:hsa00240
reactome:R-HSA-73621	partOf	wikipathways:WP4022
reactome:R-HSA-73772	partOf	kegg:path:hsa03022
reactome:R-HSA-73776	partOf	kegg:path:hsa03022
reactome:R-HSA-73779	partOf	kegg:path:hsa03022
reactome:R-HSA-73817	partOf	kegg:path:hsa00230
reactome:R-HSA-73843	partOf	kegg:path:hsa01200
reactome:R-HSA-73857	partOf	kegg:path:hsa03022
reactome:R-HSA-73863	partOf	kegg:path:hsa03022
reactome:R-HSA-73893	partOf	wikipathways:WP707
reactome:R-HSA-73942	partOf	wikipathways:WP707
reactome:R-HSA-74217	partOf	kegg:path:hsa00230
reactome:R-HSA-74259	partOf	kegg:path:hsa00230
reactome:R-HSA-74751	partOf	kegg:path:hsa04910
reactome:R-HSA-74751	partOf	wikipathways:WP661
reactome:R-HSA-74752	partOf	kegg:path:hsa04910
reactome:R-HSA-75067	partOf	kegg:path:hsa03015
reactome:R-HSA-75067	partOf	wikipathways:WP411
reactome:R-HSA-75105	partOf	kegg:path:hsa00061
reactome:R-HSA-75105	partOf	kegg:path:hsa01040
reactome:R-HSA-75105	partOf	wikipathways:WP357
reactome:R-HSA-75157	partOf	wikipathways:WP1772
reactome:R-HSA-75157	partOf	wikipathways:WP314
reactome:R-HSA-75205	partOf	kegg:path:hsa04610
reactome:R-HSA-75205	partOf	wikipathways:WP272
reactome:R-HSA-75205	partOf	wikipathways:WP558
reactome:R-HSA-75876	partOf	kegg:path:hsa01040
reactome:R-HSA-75892	partOf	kegg:path:hsa04611
reactome:R-HSA-75944	partOf	wikipathways:WP391
reactome:R-HSA-75953	partOf	kegg:path:hsa03022
reactome:R-HSA-76002	partOf	wikipathways:WP558
reactome:R-HSA-76042	partOf	kegg:path:hsa03022
reactome:R-HSA-77075	partOf	kegg:path:hsa03022
reactome:R-HSA-77285	partOf	kegg:path:hsa00071
reactome:R-HSA-77285	partOf	wikipathways:WP143
reactome:R-HSA-77285	partOf	wikipathways:WP368
reactome:R-HSA-77286	partOf	kegg:path:hsa00071
reactome:R-HSA-77286	partOf	wikipathways:WP143
reactome:R-HSA-77288	partOf	kegg:path:hsa00071
reactome:R-HSA-77288	partOf	wikipathways:WP143
reactome:R-HSA-77288	partOf	wikipathways:WP368
reactome:R-HSA-77305	partOf	kegg:path:hsa00071
reactome:R-HSA-77305	partOf	wikipathways:WP143
reactome:R-HSA-77305	partOf	wikipathways:WP368
reactome:R-HSA-77310	partOf	kegg:path:hsa00071
reactome:R-HSA-77310	partOf	wikipathways:WP143
reactome:R-HSA-77310	partOf	wikipathways:WP368
reactome:R-HSA-77346	partOf	kegg:path:hsa00071
reactome:R-HSA-77346	partOf	wikipathways:WP143
reactome:R-HSA-77348	partOf	kegg:path:hsa00071
reactome:R-HSA-77348	partOf	wikipathways:WP143
reactome:R-HSA-77348	partOf	wikipathways:WP368
reactome:R-HSA-77350	partOf	kegg:path:hsa00071
reactome:R-HSA-77350	partOf	kegg:path:hsa00650
reactome:R-HSA-77350	partOf	wikipathways:WP143
reactome:R-HSA-77350	partOf	wikipathways:WP368
reactome:R-HSA-77352	partOf	kegg:path:hsa00650
reactome:R-HSA-77352	partOf	wikipathways:WP143
reactome:R-HSA-77595	partOf	kegg:path:hsa03015
reactome:R-HSA-77595	partOf	wikipathways:WP411
reactome:R-HSA-877312	partOf	kegg:path:hsa04630
reactome:R-HSA-881907	partOf	kegg:path:hsa04010
reactome:R-HSA-8847453	partOf	kegg:path:hsa04070
reactome:R-HSA-8847993	partOf	kegg:path:hsa04012
reactome:R-HSA-8847993	partOf	wikipathways:WP673
reactome:R-HSA-8851805	partOf	kegg:path:hsa04014
reactome:R-HSA-8853383	partOf	kegg:path:hsa04142
reactome:R-HSA-8856825	partOf	kegg:path:hsa04144
reactome:R-HSA-8856828	partOf	kegg:path:hsa04144
reactome:R-HSA-8862803	partOf	kegg:path:hsa05010
reactome:R-HSA-8863795	partOf	kegg:path:hsa04012
reactome:R-HSA-8866423	partOf	kegg:path:hsa04979
reactome:R-HSA-8868773	partOf	kegg:path:hsa03008
reactome:R-HSA-888568	partOf	wikipathways:WP550
reactome:R-HSA-888590	partOf	wikipathways:WP2267
reactome:R-HSA-888590	partOf	wikipathways:WP550
reactome:R-HSA-888593	partOf	wikipathways:WP4159
reactome:R-HSA-8935964	partOf	kegg:path:hsa04530
reactome:R-HSA-8941284	partOf	wikipathways:WP474
reactome:R-HSA-8941856	partOf	wikipathways:WP3845
reactome:R-HSA-8950505	partOf	kegg:path:hsa04630
reactome:R-HSA-8951430	partOf	kegg:path:hsa04310
reactome:R-HSA-8953897	partOf	kegg:path:hsa04136
reactome:R-HSA-8963676	partOf	kegg:path:hsa04973
reactome:R-HSA-8963678	partOf	kegg:path:hsa04975
reactome:R-HSA-8963743	partOf	kegg:path:hsa04973
reactome:R-HSA-8963888	partOf	kegg:path:hsa04979
reactome:R-HSA-8963898	partOf	kegg:path:hsa04979
reactome:R-HSA-8963901	partOf	kegg:path:hsa04979
reactome:R-HSA-8964011	partOf	kegg:path:hsa04979
reactome:R-HSA-8964026	partOf	kegg:path:hsa04979
reactome:R-HSA-8964038	partOf	kegg:path:hsa04979
reactome:R-HSA-8964041	partOf	kegg:path:hsa04979
reactome:R-HSA-8964043	partOf	kegg:path:hsa04979
reactome:R-HSA-8964058	partOf	kegg:path:hsa04979
reactome:R-HSA-8981373	partOf	kegg:path:hsa04973
reactome:R-HSA-8982491	partOf	kegg:path:hsa01200
reactome:R-HSA-8983432	partOf	kegg:path:hsa04630
reactome:R-HSA-8985947	partOf	kegg:path:hsa04630
reactome:R-HSA-9006921	partOf	kegg:path:hsa04510
reactome:R-HSA-9006921	partOf	wikipathways:WP185
reactome:R-HSA-9006921	partOf	wikipathways:WP306
reactome:R-HSA-9012852	partOf	wikipathways:WP3845
reactome:R-HSA-9013507	partOf	wikipathways:WP3845
reactome:R-HSA-9013508	partOf	wikipathways:WP3845
reactome:R-HSA-9013694	partOf	wikipathways:WP3845
reactome:R-HSA-9020933	partOf	kegg:path:hsa04630
reactome:R-HSA-9020958	partOf	kegg:path:hsa04630
reactome:R-HSA-917729	partOf	kegg:path:hsa04144
reactome:R-HSA-947581	partOf	kegg:path:hsa00790
reactome:R-HSA-964739	partOf	kegg:path:hsa00510
reactome:R-HSA-964975	partOf	kegg:path:hsa00750
reactome:R-HSA-975155	partOf	wikipathways:WP3877
reactome:R-HSA-975576	partOf	kegg:path:hsa00510
reactome:R-HSA-975577	partOf	kegg:path:hsa00510
reactome:R-HSA-977068	partOf	kegg:path:hsa00514
reactome:R-HSA-977068	partOf	kegg:path:hsa00515
reactome:R-HSA-977441	partOf	kegg:path:hsa04727
reactome:R-HSA-977441	partOf	wikipathways:WP4159
reactome:R-HSA-977442	partOf	kegg:path:hsa04727
reactome:R-HSA-977443	partOf	kegg:path:hsa04727
reactome:R-HSA-977444	partOf	kegg:path:hsa04727
reactome:R-HSA-977606	partOf	kegg:path:hsa04610
reactome:R-HSA-977606	partOf	wikipathways:WP545
reactome:R-HSA-977606	partOf	wikipathways:WP558
reactome:R-HSA-983168	partOf	kegg:path:hsa03050
reactome:R-HSA-983168	partOf	wikipathways:WP183
reactome:R-HSA-983169	partOf	kegg:path:hsa04612
reactome:R-HSA-983170	partOf	kegg:path:hsa04612
wikipathways:WP100	partOf	kegg:path:hsa01100
wikipathways:WP100	partOf	reactome:R-HSA-1430728
wikipathways:WP106	partOf	kegg:path:hsa00250
wikipathways:WP106	partOf	kegg:path:hsa01100
wikipathways:WP106	partOf	kegg:path:hsa01230
wikipathways:WP106	partOf	reactome:R-HSA-1430728
wikipathways:WP106	partOf	reactome:R-HSA-70614
wikipathways:WP106	partOf	reactome:R-HSA-71291
wikipathways:WP106	partOf	wikipathways:WP3925
wikipathways:WP107	partOf	reactome:R-HSA-72613
wikipathways:WP107	partOf	reactome:R-HSA-72766
wikipathways:WP111	partOf	kegg:path:hsa01100
wikipathways:WP117	partOf	reactome:R-HSA-372790
wikipathways:WP117	partOf	reactome:R-HSA-388396
wikipathways:WP117	partOf	reactome:R-HSA-500792
wikipathways:WP127	partOf	reactome:R-HSA-1280215
wikipathways:WP127	partOf	reactome:R-HSA-168249
wikipathways:WP127	partOf	reactome:R-HSA-168256
wikipathways:WP127	partOf	reactome:R-HSA-449147
wikipathways:WP129	partOf	reactome:R-HSA-1474244
wikipathways:WP134	partOf	kegg:path:hsa01100
wikipathways:WP134	partOf	kegg:path:hsa01200
wikipathways:WP136	partOf	reactome:R-HSA-1430728
wikipathways:WP1422	partOf	kegg:path:hsa01100
wikipathways:WP1423	partOf	kegg:path:hsa01100
wikipathways:WP1423	partOf	reactome:R-HSA-1430728
wikipathways:WP1423	partOf	reactome:R-HSA-428157
wikipathways:WP1424	partOf	kegg:path:hsa01100
wikipathways:WP1424	partOf	reactome:R-HSA-1430728
wikipathways:WP1424	partOf	reactome:R-HSA-428157
wikipathways:WP143	partOf	kegg:path:hsa00071
wikipathways:WP143	partOf	kegg:path:hsa01100
wikipathways:WP143	partOf	kegg:path:hsa01212
wikipathways:WP143	partOf	reactome:R-HSA-1430728
wikipathways:WP143	partOf	reactome:R-HSA-556833
wikipathways:WP143	partOf	reactome:R-HSA-77289
wikipathways:WP143	partOf	reactome:R-HSA-8978868
wikipathways:WP1438	partOf	reactome:R-HSA-168254
wikipathways:WP1455	partOf	reactome:R-HSA-380615
wikipathways:WP1531	partOf	kegg:path:hsa01100
wikipathways:WP1533	partOf	kegg:path:hsa04977
wikipathways:WP1533	partOf	reactome:R-HSA-1430728
wikipathways:WP1533	partOf	reactome:R-HSA-196741
wikipathways:WP1533	partOf	reactome:R-HSA-196854
wikipathways:WP1541	partOf	reactome:R-HSA-1430728
wikipathways:WP1600	partOf	kegg:path:hsa00760
wikipathways:WP1600	partOf	kegg:path:hsa00982
wikipathways:WP1600	partOf	kegg:path:hsa01100
wikipathways:WP1600	partOf	reactome:R-HSA-1430728
wikipathways:WP1601	partOf	reactome:R-HSA-1430728
wikipathways:WP1601	partOf	reactome:R-HSA-15869
wikipathways:WP1601	partOf	reactome:R-HSA-73621
wikipathways:WP1602	partOf	kegg:path:hsa04728
wikipathways:WP1602	partOf	kegg:path:hsa05033
wikipathways:WP1602	partOf	reactome:R-HSA-112316
wikipathways:WP1602	partOf	reactome:R-HSA-390651
wikipathways:WP1604	partOf	kegg:path:hsa00982
wikipathways:WP1604	partOf	kegg:path:hsa00983
wikipathways:WP1604	partOf	kegg:path:hsa01100
wikipathways:WP1604	partOf	reactome:R-HSA-1430728
wikipathways:WP167	partOf	kegg:path:hsa01100
wikipathways:WP167	partOf	reactome:R-HSA-1430728
wikipathways:WP167	partOf	reactome:R-HSA-211979
wikipathways:WP167	partOf	reactome:R-HSA-2142753
wikipathways:WP167	partOf	reactome:R-HSA-556833
wikipathways:WP170	partOf	reactome:R-HSA-383280
wikipathways:WP170	partOf	reactome:R-HSA-9006931
wikipathways:WP176	partOf	kegg:path:hsa01100
wikipathways:WP176	partOf	reactome:R-HSA-1430728
wikipathways:WP176	partOf	reactome:R-HSA-196757
wikipathways:WP176	partOf	reactome:R-HSA-196849
wikipathways:WP176	partOf	reactome:R-HSA-196854
wikipathways:WP1772	partOf	kegg:path:hsa04210
wikipathways:WP1772	partOf	kegg:path:hsa04215
wikipathways:WP1772	partOf	reactome:R-HSA-109581
wikipathways:WP1772	partOf	wikipathways:WP254
wikipathways:WP183	partOf	reactome:R-HSA-211733
wikipathways:WP186	partOf	kegg:path:hsa03420
wikipathways:WP1941	partOf	kegg:path:hsa00071
wikipathways:WP1941	partOf	kegg:path:hsa01100
wikipathways:WP1941	partOf	kegg:path:hsa01212
wikipathways:WP1941	partOf	kegg:path:hsa04146
wikipathways:WP1941	partOf	reactome:R-HSA-1430728
wikipathways:WP1941	partOf	reactome:R-HSA-390247
wikipathways:WP1941	partOf	reactome:R-HSA-390918
wikipathways:WP1941	partOf	reactome:R-HSA-556833
wikipathways:WP1941	partOf	reactome:R-HSA-8978868
wikipathways:WP1946	partOf	kegg:path:hsa01100
wikipathways:WP1946	partOf	kegg:path:hsa01200
wikipathways:WP1946	partOf	reactome:R-HSA-1430728
wikipathways:WP1946	partOf	reactome:R-HSA-70326
wikipathways:WP1946	partOf	reactome:R-HSA-71387
wikipathways:WP197	partOf	kegg:path:hsa01100
wikipathways:WP197	partOf	kegg:path:hsa04979
wikipathways:WP197	partOf	reactome:R-HSA-1430728
wikipathways:WP197	partOf	reactome:R-HSA-556833
wikipathways:WP197	partOf	reactome:R-HSA-8957322
wikipathways:WP1971	partOf	kegg:path:hsa05200
wikipathways:WP2007	partOf	reactome:R-HSA-1430728
wikipathways:WP2018	partOf	kegg:path:hsa04380
wikipathways:WP206	partOf	kegg:path:hsa00071
wikipathways:WP206	partOf	kegg:path:hsa01100
wikipathways:WP206	partOf	reactome:R-HSA-1430728
wikipathways:WP206	partOf	reactome:R-HSA-211859
wikipathways:WP206	partOf	reactome:R-HSA-556833
wikipathways:WP206	partOf	reactome:R-HSA-77289
wikipathways:WP206	partOf	reactome:R-HSA-8978868
wikipathways:WP2113	partOf	reactome:R-HSA-1280215
wikipathways:WP2113	partOf	reactome:R-HSA-168256
wikipathways:WP2113	partOf	reactome:R-HSA-449147
wikipathways:WP2113	partOf	reactome:R-HSA-449836
wikipathways:WP2113	partOf	reactome:R-HSA-913531
wikipathways:WP2190	partOf	kegg:path:hsa01100
wikipathways:WP2190	partOf	reactome:R-HSA-1430728
wikipathways:WP2197	partOf	kegg:path:hsa04270
wikipathways:WP2261	partOf	kegg:path:hsa05200
wikipathways:WP2267	partOf	reactome:R-HSA-112316
wikipathways:WP2276	partOf	reactome:R-HSA-1266738
wikipathways:WP2289	partOf	kegg:path:hsa04976
wikipathways:WP229	partOf	kegg:path:hsa01100
wikipathways:WP23	partOf	reactome:R-HSA-1280218
wikipathways:WP23	partOf	reactome:R-HSA-168256
wikipathways:WP2328	partOf	reactome:R-HSA-1280218
wikipathways:WP2328	partOf	reactome:R-HSA-168256
wikipathways:WP2332	partOf	reactome:R-HSA-1280215
wikipathways:WP2332	partOf	reactome:R-HSA-168249
wikipathways:WP2332	partOf	reactome:R-HSA-168256
wikipathways:WP2332	partOf	reactome:R-HSA-449147
wikipathways:WP2333	partOf	kegg:path:hsa01100
wikipathways:WP2333	partOf	reactome:R-HSA-1430728
wikipathways:WP2333	partOf	reactome:R-HSA-1614635
wikipathways:WP2333	partOf	reactome:R-HSA-71291
wikipathways:WP2355	partOf	reactome:R-HSA-194002
wikipathways:WP2359	partOf	kegg:path:hsa03050
wikipathways:WP2361	partOf	kegg:path:hsa05226
wikipathways:WP2363	partOf	kegg:path:hsa05226
wikipathways:WP2366	partOf	reactome:R-HSA-1430728
wikipathways:WP237	partOf	kegg:path:hsa00140
wikipathways:WP237	partOf	kegg:path:hsa01100
wikipathways:WP237	partOf	reactome:R-HSA-1430728
wikipathways:WP237	partOf	reactome:R-HSA-196071
wikipathways:WP237	partOf	reactome:R-HSA-8957322
wikipathways:WP24	partOf	kegg:path:hsa04080
wikipathways:WP24	partOf	reactome:R-HSA-372790
wikipathways:WP24	partOf	reactome:R-HSA-388396
wikipathways:WP24	partOf	reactome:R-HSA-500792
wikipathways:WP241	partOf	kegg:path:hsa01100
wikipathways:WP241	partOf	kegg:path:hsa01200
wikipathways:WP241	partOf	reactome:R-HSA-1430728
wikipathways:WP2436	partOf	kegg:path:hsa01100
wikipathways:WP2436	partOf	reactome:R-HSA-1430728
wikipathways:WP244	partOf	reactome:R-HSA-162582
wikipathways:WP2453	partOf	kegg:path:hsa00020
wikipathways:WP2453	partOf	kegg:path:hsa01100
wikipathways:WP2453	partOf	wikipathways:WP78
wikipathways:WP2456	partOf	reactome:R-HSA-1430728
wikipathways:WP2456	partOf	reactome:R-HSA-70171
wikipathways:WP2456	partOf	reactome:R-HSA-70326
wikipathways:WP2456	partOf	reactome:R-HSA-71387
wikipathways:WP247	partOf	kegg:path:hsa04080
wikipathways:WP247	partOf	reactome:R-HSA-162582
wikipathways:WP247	partOf	reactome:R-HSA-372790
wikipathways:WP247	partOf	reactome:R-HSA-388396
wikipathways:WP247	partOf	reactome:R-HSA-500792
wikipathways:WP2485	partOf	kegg:path:hsa00760
wikipathways:WP2485	partOf	kegg:path:hsa01100
wikipathways:WP2485	partOf	reactome:R-HSA-1430728
wikipathways:WP2485	partOf	reactome:R-HSA-196807
wikipathways:WP2485	partOf	reactome:R-HSA-196849
wikipathways:WP2485	partOf	reactome:R-HSA-196854
wikipathways:WP2485	partOf	reactome:R-HSA-6788656
wikipathways:WP2485	partOf	reactome:R-HSA-71240
wikipathways:WP2485	partOf	reactome:R-HSA-71291
wikipathways:WP2491	partOf	kegg:path:hsa00982
wikipathways:WP2491	partOf	kegg:path:hsa01100
wikipathways:WP2491	partOf	reactome:R-HSA-1430728
wikipathways:WP2491	partOf	reactome:R-HSA-211897
wikipathways:WP2507	partOf	kegg:path:hsa04210
wikipathways:WP2507	partOf	kegg:path:hsa04215
wikipathways:WP2507	partOf	reactome:R-HSA-109581
wikipathways:WP2507	partOf	reactome:R-HSA-140534
wikipathways:WP2507	partOf	wikipathways:WP254
wikipathways:WP2513	partOf	kegg:path:hsa04217
wikipathways:WP2513	partOf	reactome:R-HSA-109581
wikipathways:WP2525	partOf	kegg:path:hsa01100
wikipathways:WP2525	partOf	reactome:R-HSA-1430728
wikipathways:WP2525	partOf	reactome:R-HSA-163685
wikipathways:WP2525	partOf	reactome:R-HSA-71291
wikipathways:WP2526	partOf	reactome:R-HSA-168256
wikipathways:WP2526	partOf	reactome:R-HSA-76002
wikipathways:WP2533	partOf	kegg:path:hsa00561
wikipathways:WP2533	partOf	kegg:path:hsa00564
wikipathways:WP2533	partOf	kegg:path:hsa01100
wikipathways:WP2536	partOf	kegg:path:hsa00983
wikipathways:WP2536	partOf	kegg:path:hsa01100
wikipathways:WP2536	partOf	reactome:R-HSA-1430728
wikipathways:WP2583	partOf	kegg:path:hsa04660
wikipathways:WP2583	partOf	reactome:R-HSA-1280218
wikipathways:WP2583	partOf	reactome:R-HSA-168256
wikipathways:WP26	partOf	reactome:R-HSA-162582
wikipathways:WP2637	partOf	reactome:R-HSA-1280215
wikipathways:WP2637	partOf	reactome:R-HSA-168249
wikipathways:WP2637	partOf	reactome:R-HSA-168256
wikipathways:WP2637	partOf	reactome:R-HSA-449147
wikipathways:WP2645	partOf	kegg:path:hsa00983
wikipathways:WP2645	partOf	kegg:path:hsa01100
wikipathways:WP2645	partOf	reactome:R-HSA-1430728
wikipathways:WP2646	partOf	kegg:path:hsa00982
wikipathways:WP2646	partOf	kegg:path:hsa01100
wikipathways:WP2646	partOf	reactome:R-HSA-1430728
wikipathways:WP272	partOf	reactome:R-HSA-109582
wikipathways:WP28	partOf	reactome:R-HSA-1430728
wikipathways:WP2816	partOf	kegg:path:hsa00982
wikipathways:WP2816	partOf	kegg:path:hsa00983
wikipathways:WP2816	partOf	kegg:path:hsa01100
wikipathways:WP2816	partOf	reactome:R-HSA-1430728
wikipathways:WP2826	partOf	kegg:path:hsa00983
wikipathways:WP2826	partOf	kegg:path:hsa01100
wikipathways:WP2826	partOf	reactome:R-HSA-1430728
wikipathways:WP2828	partOf	kegg:path:hsa05200
wikipathways:WP286	partOf	reactome:R-HSA-1280215
wikipathways:WP286	partOf	reactome:R-HSA-168249
wikipathways:WP286	partOf	reactome:R-HSA-168256
wikipathways:WP286	partOf	reactome:R-HSA-449147
wikipathways:WP286	partOf	reactome:R-HSA-512988
wikipathways:WP2865	partOf	reactome:R-HSA-168256
wikipathways:WP2878	partOf	kegg:path:hsa01100
wikipathways:WP2878	partOf	reactome:R-HSA-1430728
wikipathways:WP2878	partOf	reactome:R-HSA-1989781
wikipathways:WP2878	partOf	reactome:R-HSA-556833
wikipathways:WP288	partOf	reactome:R-HSA-168249
wikipathways:WP288	partOf	reactome:R-HSA-168256
wikipathways:WP2889	partOf	kegg:path:hsa01100
wikipathways:WP2895	partOf	reactome:R-HSA-1266738
wikipathways:WP299	partOf	reactome:R-HSA-1430728
wikipathways:WP299	partOf	reactome:R-HSA-556833
wikipathways:WP311	partOf	kegg:path:hsa01100
wikipathways:WP314	partOf	reactome:R-HSA-109581
wikipathways:WP314	partOf	reactome:R-HSA-111458
wikipathways:WP314	partOf	reactome:R-HSA-140534
wikipathways:WP314	partOf	reactome:R-HSA-211736
wikipathways:WP314	partOf	reactome:R-HSA-5357801
wikipathways:WP325	partOf	kegg:path:hsa00561
wikipathways:WP325	partOf	kegg:path:hsa00564
wikipathways:WP325	partOf	kegg:path:hsa01100
wikipathways:WP3286	partOf	reactome:R-HSA-1222541
wikipathways:WP3300	partOf	reactome:R-HSA-162906
wikipathways:WP334	partOf	kegg:path:hsa04080
wikipathways:WP334	partOf	wikipathways:WP117
wikipathways:WP357	partOf	kegg:path:hsa01100
wikipathways:WP357	partOf	kegg:path:hsa01212
wikipathways:WP357	partOf	reactome:R-HSA-1430728
wikipathways:WP357	partOf	reactome:R-HSA-556833
wikipathways:WP357	partOf	reactome:R-HSA-8978868
wikipathways:WP3580	partOf	kegg:path:hsa00270
wikipathways:WP3580	partOf	kegg:path:hsa01100
wikipathways:WP3585	partOf	kegg:path:hsa01100
wikipathways:WP3585	partOf	reactome:R-HSA-156581
wikipathways:WP3585	partOf	reactome:R-HSA-5334118
wikipathways:WP3594	partOf	kegg:path:hsa04710
wikipathways:WP3599	partOf	reactome:R-HSA-381340
wikipathways:WP3601	partOf	reactome:R-HSA-1430728
wikipathways:WP3627	partOf	reactome:R-HSA-1430728
wikipathways:WP3633	partOf	kegg:path:hsa00983
wikipathways:WP3633	partOf	kegg:path:hsa01100
wikipathways:WP3633	partOf	reactome:R-HSA-1430728
wikipathways:WP3633	partOf	reactome:R-HSA-211981
wikipathways:WP3634	partOf	reactome:R-HSA-162582
wikipathways:WP3635	partOf	reactome:R-HSA-162582
wikipathways:WP3640	partOf	kegg:path:hsa05220
wikipathways:WP3644	partOf	kegg:path:hsa00760
wikipathways:WP3644	partOf	kegg:path:hsa01100
wikipathways:WP3644	partOf	reactome:R-HSA-1430728
wikipathways:WP3644	partOf	reactome:R-HSA-196807
wikipathways:WP3644	partOf	reactome:R-HSA-196849
wikipathways:WP3644	partOf	reactome:R-HSA-196854
wikipathways:WP3645	partOf	kegg:path:hsa00760
wikipathways:WP3645	partOf	kegg:path:hsa01100
wikipathways:WP3645	partOf	reactome:R-HSA-1430728
wikipathways:WP3645	partOf	reactome:R-HSA-196807
wikipathways:WP3645	partOf	reactome:R-HSA-196849
wikipathways:WP3645	partOf	reactome:R-HSA-196854
wikipathways:WP3656	partOf	reactome:R-HSA-1280215
wikipathways:WP3656	partOf	reactome:R-HSA-168249
wikipathways:WP3656	partOf	reactome:R-HSA-168256
wikipathways:WP3656	partOf	reactome:R-HSA-446652
wikipathways:WP3656	partOf	reactome:R-HSA-449147
wikipathways:WP3656	partOf	reactome:R-HSA-9020702
wikipathways:WP3664	partOf	reactome:R-HSA-195721
wikipathways:WP3676	partOf	reactome:R-HSA-162582
wikipathways:WP3679	partOf	kegg:path:hsa04972
wikipathways:WP368	partOf	kegg:path:hsa00071
wikipathways:WP368	partOf	kegg:path:hsa01100
wikipathways:WP368	partOf	kegg:path:hsa01212
wikipathways:WP368	partOf	reactome:R-HSA-1430728
wikipathways:WP368	partOf	reactome:R-HSA-556833
wikipathways:WP368	partOf	reactome:R-HSA-77286
wikipathways:WP368	partOf	reactome:R-HSA-77289
wikipathways:WP368	partOf	reactome:R-HSA-8978868
wikipathways:WP384	partOf	kegg:path:hsa04210
wikipathways:WP384	partOf	kegg:path:hsa04215
wikipathways:WP384	partOf	reactome:R-HSA-109581
wikipathways:WP384	partOf	reactome:R-HSA-111471
wikipathways:WP384	partOf	reactome:R-HSA-5357801
wikipathways:WP384	partOf	wikipathways:WP254
wikipathways:WP3845	partOf	reactome:R-HSA-162582
wikipathways:WP3851	partOf	reactome:R-HSA-168249
wikipathways:WP3851	partOf	reactome:R-HSA-168898
wikipathways:WP3853	partOf	kegg:path:hsa05016
wikipathways:WP3865	partOf	reactome:R-HSA-168249
wikipathways:WP3865	partOf	reactome:R-HSA-168256
wikipathways:WP3869	partOf	kegg:path:hsa01100
wikipathways:WP3869	partOf	reactome:R-HSA-162582
wikipathways:WP3871	partOf	kegg:path:hsa00982
wikipathways:WP3871	partOf	reactome:R-HSA-1430728
wikipathways:WP3872	partOf	reactome:R-HSA-109581
wikipathways:WP3872	partOf	reactome:R-HSA-5357801
wikipathways:WP3888	partOf	kegg:path:hsa04370
wikipathways:WP3891	partOf	reactome:R-HSA-1430728
wikipathways:WP3892	partOf	reactome:R-HSA-168256
wikipathways:WP391	partOf	reactome:R-HSA-163282
wikipathways:WP391	partOf	reactome:R-HSA-163316
wikipathways:WP391	partOf	reactome:R-HSA-1852241
wikipathways:WP391	partOf	reactome:R-HSA-2151201
wikipathways:WP391	partOf	reactome:R-HSA-75944
wikipathways:WP3925	partOf	kegg:path:hsa01100
wikipathways:WP3925	partOf	reactome:R-HSA-1430728
wikipathways:WP3925	partOf	reactome:R-HSA-71291
wikipathways:WP3931	partOf	kegg:path:hsa04550
wikipathways:WP3933	partOf	kegg:path:hsa01100
wikipathways:WP3933	partOf	reactome:R-HSA-1430728
wikipathways:WP3933	partOf	reactome:R-HSA-1483191
wikipathways:WP3933	partOf	reactome:R-HSA-428157
wikipathways:WP3933	partOf	reactome:R-HSA-556833
wikipathways:WP3934	partOf	kegg:path:hsa04920
wikipathways:WP3934	partOf	reactome:R-HSA-2586552
wikipathways:WP3935	partOf	reactome:R-HSA-2586552
wikipathways:WP3937	partOf	reactome:R-HSA-168249
wikipathways:WP3937	partOf	reactome:R-HSA-168256
wikipathways:WP3940	partOf	kegg:path:hsa01100
wikipathways:WP3940	partOf	reactome:R-HSA-1430728
wikipathways:WP3942	partOf	reactome:R-HSA-1430728
wikipathways:WP3942	partOf	reactome:R-HSA-8978868
wikipathways:WP3943	partOf	kegg:path:hsa04370
wikipathways:WP395	partOf	reactome:R-HSA-1280215
wikipathways:WP395	partOf	reactome:R-HSA-168249
wikipathways:WP395	partOf	reactome:R-HSA-168256
wikipathways:WP395	partOf	reactome:R-HSA-449147
wikipathways:WP3959	partOf	reactome:R-HSA-5693606
wikipathways:WP3959	partOf	reactome:R-HSA-73894
wikipathways:WP3965	partOf	kegg:path:hsa01100
wikipathways:WP399	partOf	kegg:path:hsa04310
wikipathways:WP400	partOf	kegg:path:hsa04010
wikipathways:WP4016	partOf	reactome:R-HSA-5693548
wikipathways:WP4016	partOf	reactome:R-HSA-73894
wikipathways:WP4022	partOf	kegg:path:hsa01100
wikipathways:WP4022	partOf	reactome:R-HSA-1430728
wikipathways:WP404	partOf	kegg:path:hsa01100
wikipathways:WP405	partOf	kegg:path:hsa01100
wikipathways:WP405	partOf	kegg:path:hsa03022
wikipathways:WP408	partOf	reactome:R-HSA-2262752
wikipathways:WP408	partOf	reactome:R-HSA-8953897
wikipathways:WP411	partOf	reactome:R-HSA-72172
wikipathways:WP411	partOf	reactome:R-HSA-8953854
wikipathways:WP4136	partOf	reactome:R-HSA-168249
wikipathways:WP4136	partOf	reactome:R-HSA-168256
wikipathways:WP4142	partOf	kegg:path:hsa01100
wikipathways:WP4142	partOf	reactome:R-HSA-1430728
wikipathways:WP4142	partOf	reactome:R-HSA-392499
wikipathways:WP4142	partOf	reactome:R-HSA-428157
wikipathways:WP4142	partOf	reactome:R-HSA-556833
wikipathways:WP4146	partOf	reactome:R-HSA-1280218
wikipathways:WP4146	partOf	reactome:R-HSA-168249
wikipathways:WP4146	partOf	reactome:R-HSA-168256
wikipathways:WP4149	partOf	reactome:R-HSA-1266738
wikipathways:WP4153	partOf	kegg:path:hsa00561
wikipathways:WP4153	partOf	kegg:path:hsa01100
wikipathways:WP4153	partOf	reactome:R-HSA-1430728
wikipathways:WP4153	partOf	reactome:R-HSA-1660662
wikipathways:WP4153	partOf	reactome:R-HSA-428157
wikipathways:WP4153	partOf	reactome:R-HSA-556833
wikipathways:WP4156	partOf	kegg:path:hsa00790
wikipathways:WP4156	partOf	kegg:path:hsa01100
wikipathways:WP4156	partOf	reactome:R-HSA-1430728
wikipathways:WP4156	partOf	reactome:R-HSA-1474151
wikipathways:WP4156	partOf	reactome:R-HSA-196854
wikipathways:WP4156	partOf	reactome:R-HSA-8978934
wikipathways:WP4159	partOf	kegg:path:hsa05033
wikipathways:WP4174	partOf	kegg:path:hsa01100
wikipathways:WP4174	partOf	reactome:R-HSA-1430728
wikipathways:WP4174	partOf	reactome:R-HSA-211897
wikipathways:WP4174	partOf	reactome:R-HSA-211981
wikipathways:WP4205	partOf	kegg:path:hsa05211
wikipathways:WP4210	partOf	kegg:path:hsa00760
wikipathways:WP4210	partOf	kegg:path:hsa01100
wikipathways:WP4210	partOf	reactome:R-HSA-1430728
wikipathways:WP4210	partOf	reactome:R-HSA-196807
wikipathways:WP4210	partOf	reactome:R-HSA-196849
wikipathways:WP4210	partOf	reactome:R-HSA-196854
wikipathways:WP4210	partOf	reactome:R-HSA-6788656
wikipathways:WP4210	partOf	reactome:R-HSA-71240
wikipathways:WP4210	partOf	reactome:R-HSA-71291
wikipathways:WP4211	partOf	reactome:R-HSA-381340
wikipathways:WP422	partOf	kegg:path:hsa04010
wikipathways:WP422	partOf	wikipathways:WP382
wikipathways:WP43	partOf	kegg:path:hsa01100
wikipathways:WP437	partOf	reactome:R-HSA-212718
wikipathways:WP437	partOf	reactome:R-HSA-5638303
wikipathways:WP45	partOf	kegg:path:hsa04110
wikipathways:WP45	partOf	reactome:R-HSA-1640170
wikipathways:WP45	partOf	reactome:R-HSA-453279
wikipathways:WP45	partOf	reactome:R-HSA-69206
wikipathways:WP45	partOf	reactome:R-HSA-69278
wikipathways:WP45	partOf	wikipathways:WP179
wikipathways:WP453	partOf	reactome:R-HSA-1280215
wikipathways:WP453	partOf	reactome:R-HSA-168256
wikipathways:WP455	partOf	kegg:path:hsa04080
wikipathways:WP455	partOf	wikipathways:WP117
wikipathways:WP465	partOf	kegg:path:hsa01100
wikipathways:WP465	partOf	reactome:R-HSA-1430728
wikipathways:WP477	partOf	kegg:path:hsa03010
wikipathways:WP496	partOf	kegg:path:hsa01100
wikipathways:WP496	partOf	reactome:R-HSA-1430728
wikipathways:WP496	partOf	reactome:R-HSA-196071
wikipathways:WP496	partOf	reactome:R-HSA-8957322
wikipathways:WP497	partOf	kegg:path:hsa01100
wikipathways:WP497	partOf	kegg:path:hsa01230
wikipathways:WP497	partOf	reactome:R-HSA-1430728
wikipathways:WP497	partOf	reactome:R-HSA-71291
wikipathways:WP500	partOf	kegg:path:hsa01100
wikipathways:WP501	partOf	kegg:path:hsa04080
wikipathways:WP501	partOf	wikipathways:WP117
wikipathways:WP521	partOf	reactome:R-HSA-1430728
wikipathways:WP521	partOf	reactome:R-HSA-156587
wikipathways:WP521	partOf	reactome:R-HSA-159424
wikipathways:WP524	partOf	reactome:R-HSA-162582
wikipathways:WP528	partOf	kegg:path:hsa01100
wikipathways:WP528	partOf	reactome:R-HSA-1430728
wikipathways:WP530	partOf	reactome:R-HSA-168256
wikipathways:WP531	partOf	kegg:path:hsa03420
wikipathways:WP534	partOf	kegg:path:hsa01100
wikipathways:WP534	partOf	kegg:path:hsa01200
wikipathways:WP534	partOf	reactome:R-HSA-1430728
wikipathways:WP534	partOf	reactome:R-HSA-70326
wikipathways:WP534	partOf	reactome:R-HSA-71387
wikipathways:WP545	partOf	kegg:path:hsa04610
wikipathways:WP545	partOf	wikipathways:WP558
wikipathways:WP550	partOf	kegg:path:hsa01100
wikipathways:WP550	partOf	reactome:R-HSA-1430728
wikipathways:WP554	partOf	kegg:path:hsa04614
wikipathways:WP561	partOf	kegg:path:hsa01100
wikipathways:WP58	partOf	kegg:path:hsa04080
wikipathways:WP58	partOf	reactome:R-HSA-373076
wikipathways:WP58	partOf	wikipathways:WP455
wikipathways:WP585	partOf	reactome:R-HSA-1280215
wikipathways:WP585	partOf	reactome:R-HSA-1280218
wikipathways:WP585	partOf	reactome:R-HSA-168249
wikipathways:WP585	partOf	reactome:R-HSA-168256
wikipathways:WP585	partOf	reactome:R-HSA-913531
wikipathways:WP623	partOf	kegg:path:hsa01100
wikipathways:WP661	partOf	reactome:R-HSA-70326
wikipathways:WP678	partOf	kegg:path:hsa01100
wikipathways:WP678	partOf	reactome:R-HSA-1430728
wikipathways:WP678	partOf	reactome:R-HSA-211859
wikipathways:WP678	partOf	reactome:R-HSA-2142753
wikipathways:WP678	partOf	reactome:R-HSA-556833
wikipathways:WP678	partOf	reactome:R-HSA-8978868
wikipathways:WP69	partOf	kegg:path:hsa04660
wikipathways:WP69	partOf	reactome:R-HSA-1280218
wikipathways:WP69	partOf	reactome:R-HSA-168256
wikipathways:WP690	partOf	kegg:path:hsa01100
wikipathways:WP690	partOf	reactome:R-HSA-1430728
wikipathways:WP690	partOf	reactome:R-HSA-5652084
wikipathways:WP690	partOf	reactome:R-HSA-71387
wikipathways:WP691	partOf	kegg:path:hsa00982
wikipathways:WP691	partOf	kegg:path:hsa01100
wikipathways:WP691	partOf	reactome:R-HSA-1430728
wikipathways:WP692	partOf	kegg:path:hsa00920
wikipathways:WP692	partOf	reactome:R-HSA-1430728
wikipathways:WP694	partOf	kegg:path:hsa00983
wikipathways:WP694	partOf	kegg:path:hsa01100
wikipathways:WP694	partOf	reactome:R-HSA-1430728
wikipathways:WP696	partOf	kegg:path:hsa01100
wikipathways:WP696	partOf	reactome:R-HSA-1430728
wikipathways:WP697	partOf	kegg:path:hsa01100
wikipathways:WP697	partOf	reactome:R-HSA-1430728
wikipathways:WP698	partOf	kegg:path:hsa00983
wikipathways:WP698	partOf	kegg:path:hsa01100
wikipathways:WP699	partOf	kegg:path:hsa01100
wikipathways:WP699	partOf	reactome:R-HSA-1430728
wikipathways:WP704	partOf	kegg:path:hsa01100
wikipathways:WP716	partOf	kegg:path:hsa01100
wikipathways:WP716	partOf	reactome:R-HSA-1430728
wikipathways:WP716	partOf	reactome:R-HSA-196854
wikipathways:WP727	partOf	reactome:R-HSA-112311
wikipathways:WP727	partOf	reactome:R-HSA-209905
wikipathways:WP727	partOf	reactome:R-HSA-380615
wikipathways:WP732	partOf	kegg:path:hsa04726
wikipathways:WP733	partOf	kegg:path:hsa04726
wikipathways:WP733	partOf	reactome:R-HSA-372790
wikipathways:WP733	partOf	reactome:R-HSA-388396
wikipathways:WP733	partOf	reactome:R-HSA-390666
wikipathways:WP733	partOf	reactome:R-HSA-416476
wikipathways:WP734	partOf	reactome:R-HSA-390666
wikipathways:WP78	partOf	kegg:path:hsa01100
wikipathways:WP78	partOf	kegg:path:hsa01200
wikipathways:WP98	partOf	kegg:path:hsa01100
wikipathways:WP98	partOf	reactome:R-HSA-1430728
wikipathways:WP98	partOf	reactome:R-HSA-556833
